{
  "generator-jhipster": {
    "promptValues": {
      "packageName": "com.ventura.portal"
    },
    "jhipsterVersion": "6.3.0",
    "applicationType": "monolith",
    "baseName": "Portal",
    "packageName": "com.ventura.portal",
    "packageFolder": "com/ventura/portal",
    "serverPort": "8080",
    "authenticationType": "jwt",
    "cacheProvider": "ehcache",
    "enableHibernateCache": true,
    "websocket": "spring-websocket",
    "databaseType": "sql",
    "devDatabaseType": "mysql",
    "prodDatabaseType": "mysql",
    "searchEngine": "elasticsearch",
    "messageBroker": false,
    "serviceDiscoveryType": false,
    "buildTool": "maven",
    "enableSwaggerCodegen": false,
    "jwtSecretKey": "Y2YxZWVjM2ViNDY1YTQzYzYzNjRiM2I5NWVjYjEyNDcxNmZlNzZiZWFlYTUxMzZhZjVlMWNjZjMyYTNmZTBhZGY1NWMwNzgwYjcwODE2ODY4OWUwMDk2MzU4YzgxMzY0NjcwZjRkNTdmNjY2MWZiZjlkNzE5ZjcxMGE0M2ZkNGU=",
    "embeddableLaunchScript": false,
    "useSass": true,
    "clientPackageManager": "npm",
    "clientFramework": "angularX",
    "clientTheme": "flatly",
    "clientThemeVariant": "primary",
    "testFrameworks": [],
    "jhiPrefix": "jhi",
    "entitySuffix": "",
    "dtoSuffix": "DTO",
    "otherModules": [],
    "enableTranslation": false,
    "blueprints": []
  }
}
