<?xml version="1.0" encoding="UTF-8"?>
<phpunit backupGlobals="false"
         backupStaticAttributes="false"
         bootstrap="vendor/autoload.php"
         colors="true"
         convertErrorsToExceptions="true"
         convertNoticesToExceptions="true"
         convertWarningsToExceptions="true"
         processIsolation="false"
         stopOnFailure="false">
    <filter>
        <whitelist processUncoveredFilesFromWhitelist="true">
            <directory suffix=".php">./app</directory>
        </whitelist>
    </filter>
    <php>
        <env name="APP_ENV" value="testing"/>
        <env name="CACHE_DRIVER" value="array"/>
        <env name="SESSION_DRIVER" value="array"/>
        <env name="QUEUE_DRIVER" value="sync"/>
    </php>
</phpunit>
